1512116796456,10,HTTP Request,200,OK,Thread Group 1-1,text,true,3898,4
1512116796468,8,HTTP Request,200,OK,Thread Group 1-1,text,true,3898,3
1512116796482,7,HTTP Request,200,OK,Thread Group 1-1,text,true,3898,3
1512116796491,8,HTTP Request,200,OK,Thread Group 1-1,text,true,3898,4
1512116796501,15,HTTP Request,200,OK,Thread Group 1-1,text,true,3898,6
1512116796520,17,HTTP Request,200,OK,Thread Group 1-1,text,true,3898,8
1512116796544,36,HTTP Request,200,OK,Thread Group 1-2,text,true,3898,28
1512116796559,26,HTTP Request,200,OK,Thread Group 1-1,text,true,3898,14
1512116796596,8,HTTP Request,200,OK,Thread Group 1-1,text,true,3898,4
1512116796608,11,HTTP Request,200,OK,Thread Group 1-1,text,true,3898,6
1512116796590,31,HTTP Request,200,OK,Thread Group 1-2,text,true,3898,9
1512116796623,17,HTTP Request,200,OK,Thread Group 1-1,text,true,3898,9
1512116796626,26,HTTP Request,200,OK,Thread Group 1-2,text,true,3898,9
1512116796646,12,HTTP Request,200,OK,Thread Group 1-3,text,true,3898,7
1512116796666,8,HTTP Request,200,OK,Thread Group 1-2,text,true,3898,3
1512116796671,19,HTTP Request,200,OK,Thread Group 1-3,text,true,3898,7
1512116796695,19,HTTP Request,200,OK,Thread Group 1-3,text,true,3898,5
1512116796689,29,HTTP Request,200,OK,Thread Group 1-2,text,true,3898,8
1512116796729,7,HTTP Request,200,OK,Thread Group 1-2,text,true,3898,3
1512116796731,11,HTTP Request,200,OK,Thread Group 1-3,text,true,3898,5
1512116796749,9,HTTP Request,200,OK,Thread Group 1-2,text,true,3898,4
1512116796752,29,HTTP Request,200,OK,Thread Group 1-4,text,true,3898,19
1512116796776,8,HTTP Request,200,OK,Thread Group 1-2,text,true,3898,3
1512116796763,24,HTTP Request,200,OK,Thread Group 1-3,text,true,3898,15
1512116796816,8,HTTP Request,200,OK,Thread Group 1-2,text,true,3898,3
1512116796804,31,HTTP Request,200,OK,Thread Group 1-4,text,true,3898,19
1512116796836,15,HTTP Request,200,OK,Thread Group 1-3,text,true,3898,4
1512116796874,6,HTTP Request,200,OK,Thread Group 1-2,text,true,3898,2
1512116796870,16,HTTP Request,200,OK,Thread Group 1-5,text,true,3898,6
1512116796883,24,HTTP Request,200,OK,Thread Group 1-3,text,true,3898,10
1512116796881,11,HTTP Request,200,OK,Thread Group 1-4,text,true,3898,4
1512116796924,13,HTTP Request,200,OK,Thread Group 1-5,text,true,3898,8
1512116796938,7,HTTP Request,200,OK,Thread Group 1-3,text,true,3898,3
1512116796963,12,HTTP Request,200,OK,Thread Group 1-5,text,true,3898,7
1512116796943,41,HTTP Request,200,OK,Thread Group 1-4,text,true,3898,27
1512116796991,23,HTTP Request,200,OK,Thread Group 1-3,text,true,3898,6
1512116796984,41,HTTP Request,200,OK,Thread Group 1-6,text,true,3898,24
1512116797014,20,HTTP Request,200,OK,Thread Group 1-5,text,true,3898,9
1512116797035,11,HTTP Request,200,OK,Thread Group 1-4,text,true,3898,4
1512116797061,19,HTTP Request,200,OK,Thread Group 1-3,text,true,3898,11
1512116797062,22,HTTP Request,200,OK,Thread Group 1-6,text,true,3898,9
1512116797073,25,HTTP Request,200,OK,Thread Group 1-7,text,true,3898,5
1512116797062,42,HTTP Request,200,OK,Thread Group 1-5,text,true,3898,15
1512116797099,16,HTTP Request,200,OK,Thread Group 1-4,text,true,3898,6
1512116797127,9,HTTP Request,200,OK,Thread Group 1-7,text,true,3898,3
1512116797121,12,HTTP Request,200,OK,Thread Group 1-6,text,true,3898,6
1512116797135,12,HTTP Request,200,OK,Thread Group 1-5,text,true,3898,6
1512116797159,17,HTTP Request,200,OK,Thread Group 1-7,text,true,3898,7
1512116797143,33,HTTP Request,200,OK,Thread Group 1-4,text,true,3898,10
1512116797171,22,HTTP Request,200,OK,Thread Group 1-6,text,true,3898,10
1512116797199,12,HTTP Request,200,OK,Thread Group 1-5,text,true,3898,5
1512116797185,23,HTTP Request,200,OK,Thread Group 1-8,text,true,3898,9
1512116797222,20,HTTP Request,200,OK,Thread Group 1-7,text,true,3898,5
1512116797241,12,HTTP Request,200,OK,Thread Group 1-4,text,true,3898,3
1512116797244,13,HTTP Request,200,OK,Thread Group 1-5,text,true,3898,6
1512116797268,12,HTTP Request,200,OK,Thread Group 1-7,text,true,3898,4
1512116797244,42,HTTP Request,200,OK,Thread Group 1-6,text,true,3898,8
1512116797278,27,HTTP Request,200,OK,Thread Group 1-9,text,true,3898,15
1512116797247,38,HTTP Request,200,OK,Thread Group 1-8,text,true,3898,9
1512116797291,15,HTTP Request,200,OK,Thread Group 1-4,text,true,3898,4
1512116797304,8,HTTP Request,200,OK,Thread Group 1-5,text,true,3898,4
1512116797345,9,HTTP Request,200,OK,Thread Group 1-8,text,true,3898,3
1512116797334,10,HTTP Request,200,OK,Thread Group 1-7,text,true,3898,4
1512116797343,13,HTTP Request,200,OK,Thread Group 1-6,text,true,3898,6
1512116797345,34,HTTP Request,200,OK,Thread Group 1-9,text,true,3898,4
1512116797347,42,HTTP Request,200,OK,Thread Group 1-4,text,true,3898,12
1512116797371,18,HTTP Request,200,OK,Thread Group 1-10,text,true,3898,5
1512116797363,37,HTTP Request,200,OK,Thread Group 1-5,text,true,3898,13
1512116797398,15,HTTP Request,200,OK,Thread Group 1-6,text,true,3898,7
1512116797405,11,HTTP Request,200,OK,Thread Group 1-9,text,true,3898,4
1512116797396,21,HTTP Request,200,OK,Thread Group 1-8,text,true,3898,10
1512116797397,30,HTTP Request,200,OK,Thread Group 1-7,text,true,3898,4
1512116797432,7,HTTP Request,200,OK,Thread Group 1-10,text,true,3898,3
1512116797475,13,HTTP Request,200,OK,Thread Group 1-8,text,true,3898,5
1512116797474,16,HTTP Request,200,OK,Thread Group 1-6,text,true,3898,9
1512116797477,16,HTTP Request,200,OK,Thread Group 1-7,text,true,3898,5
1512116797474,20,HTTP Request,200,OK,Thread Group 1-9,text,true,3898,10
1512116797508,8,HTTP Request,200,OK,Thread Group 1-8,text,true,3898,3
1512116797508,19,HTTP Request,200,OK,Thread Group 1-6,text,true,3898,3
1512116797490,38,HTTP Request,200,OK,Thread Group 1-10,text,true,3898,3
1512116797545,9,HTTP Request,200,OK,Thread Group 1-8,text,true,3898,3
1512116797516,40,HTTP Request,200,OK,Thread Group 1-7,text,true,3898,17
1512116797517,43,HTTP Request,200,OK,Thread Group 1-9,text,true,3898,14
1512116797550,25,HTTP Request,200,OK,Thread Group 1-10,text,true,3898,17
1512116797569,8,HTTP Request,200,OK,Thread Group 1-8,text,true,3898,3
1512116797545,34,HTTP Request,200,OK,Thread Group 1-6,text,true,3898,4
1512116797570,17,HTTP Request,200,OK,Thread Group 1-7,text,true,3898,6
1512116797608,17,HTTP Request,200,OK,Thread Group 1-10,text,true,3898,13
1512116797608,17,HTTP Request,200,OK,Thread Group 1-8,text,true,3898,13
1512116797626,20,HTTP Request,200,OK,Thread Group 1-9,text,true,3898,13
1512116797643,33,HTTP Request,200,OK,Thread Group 1-10,text,true,3898,8
1512116797647,8,HTTP Request,200,OK,Thread Group 1-8,text,true,3898,3
1512116797681,9,HTTP Request,200,OK,Thread Group 1-9,text,true,3898,5
1512116797693,8,HTTP Request,200,OK,Thread Group 1-10,text,true,3898,4
1512116797706,19,HTTP Request,200,OK,Thread Group 1-9,text,true,3898,7
1512116797723,27,HTTP Request,200,OK,Thread Group 1-10,text,true,3898,4
1512116797736,14,HTTP Request,200,OK,Thread Group 1-9,text,true,3898,10
1512116797771,13,HTTP Request,200,OK,Thread Group 1-10,text,true,3898,3
1512116797771,26,HTTP Request,200,OK,Thread Group 1-9,text,true,3898,7
1512116797809,16,HTTP Request,200,OK,Thread Group 1-10,text,true,3898,5
